{
  "classification": {
    "RF": {
      "best_params": {
        "max_depth": 5,
        "min_samples_leaf": 1,
        "min_samples_split": 10,
        "n_estimators": 100
      },
      "accuracy": 0.96875,
      "precision": 0.9565217391304348,
      "recall": 1.0,
      "f1": 0.9777777777777777,
      "cv_mean": 0.9656768456768458
    },
    "SVM": {
      "best_params": {
        "C": 100,
        "gamma": "scale",
        "kernel": "rbf"
      },
      "accuracy": 0.96875,
      "precision": 0.9565217391304348,
      "recall": 1.0,
      "f1": 0.9777777777777777,
      "cv_mean": 0.977124183006536
    },
    "MLP": {
      "best_params": "hidden=(105,),act=tanh,alpha=0.006921,lr=0.020567",
      "accuracy": 0.96875,
      "precision": 0.9565217391304348,
      "recall": 1.0,
      "f1": 0.9777777777777777,
      "cv_mean": 0.9774244833068362
    }
  },
  "classification_cm": {
    "RF": [
      [
        9,
        1
      ],
      [
        0,
        22
      ]
    ],
    "SVM": [
      [
        9,
        1
      ],
      [
        0,
        22
      ]
    ],
    "MLP": [
      [
        9,
        1
      ],
      [
        0,
        22
      ]
    ]
  },
  "regression": {
    "RF": {
      "best_params": {
        "max_depth": 10,
        "min_samples_leaf": 1,
        "min_samples_split": 2,
        "n_estimators": 100
      },
      "MAE": 11.647546058099245,
      "RMSE": 19.376860234753792,
      "R2": 0.9504323409751281,
      "cv_MAE": 14.350793437175454
    },
    "SVR": {
      "best_params": {
        "C": 100,
        "epsilon": 0.01,
        "gamma": "auto",
        "kernel": "poly"
      },
      "MAE": 9.97424126936837,
      "RMSE": 16.11186178653194,
      "R2": 0.9657292940586454,
      "cv_MAE": 8.936288604138833
    },
    "MLP": {
      "best_params": "hidden=(67, 78, 27),act=relu,alpha=0.001380,lr=0.040352",
      "MAE": 13.360741642660411,
      "RMSE": 17.92300695593438,
      "R2": 0.9575914579885492,
      "cv_MAE": -7.48217547362457
    }
  },
  "features": [
    "T_amb_set",
    "mode",
    "COP",
    "h_gc_mid[kJ/kg]",
    "h_eva_in[kJ/kg]",
    "P_suc[bar]",
    "P_gc_mid[bar]",
    "W_comp[kW]",
    "h_gc_out[kJ/kg]",
    "Q_s1[kW]",
    "P_gc_out[bar]",
    "T_suc[degC]",
    "P_dis[bar]",
    "m_dot[kg/s]"
  ],
  "train_size": 125,
  "test_size": 32,
  "best_classifier": "RF",
  "best_regressor": "MLP"
}