time[s],P_suc[bar],T_suc[degC],P_dis[bar],T_dis[degC],P_eva_mid[bar],T_eva_mid[degC],P_eva_out[bar],T_eva_out[degC],P_gc_in[bar],T_gc_in[degC],P_gc_out[bar],T_gc_out[degC],W_comp[kW],Q_cool_s1[kW],Q_cool_s2[kW],Q_cool_total[kW],COP[null],m_dot[kg/s],T_air_in[degC],T_mid[degC],T_air_out[degC],V_air_indoor[kg/min],T_amb[degC],V_air_outdoor[m/s],h_suc[kJ/kg],h_dis[kJ/kg],h_eva_mid[kJ/kg],h_eva_out[kJ/kg],h_gc_in[kJ/kg],h_gc_out[kJ/kg]
0.0,34.398769438878155,-2.842170943040401e-13,34.398769438878155,-2.842170943040401e-13,34.398769438878155,-2.842170943040401e-13,34.398769438878155,-2.842170943040401e-13,34.398769438878155,-2.842170943040401e-13,34.398769438878155,-2.842170943040401e-13,0.0,0.0,0.0,0.0,0.0,0.0,35.0,9.38567104444189,3.5739341948256538,9.0,35.0,3.0,432.64719042019755,432.64719042019755,432.64719042019755,432.64719042019755,432.64719042019755,432.64719042019755
